{"cameraMode":{"drawMode":0,"name":"Shaded","section":"Shading Mode"},"sceneLighting":true,"audioPlay":false,"sceneViewState":{"showFog":true,"showMaterialUpdate":false,"showSkybox":true,"showFlares":true,"showImageEffects":true,"showParticleSystems":true},"in2DMode":false,"pivot":{"x":-3.5442018508911135,"y":-10.228838920593262,"z":4.6297712326049809},"rotation":{"x":-0.1047910824418068,"y":0.8323742747306824,"z":-0.16856631636619569,"w":-0.5174605250358582},"size":37.873199462890628,"orthographic":false}